{
  "label_spec": "auto",
  "label_threshold_on_velocity_token_diff": 0.002163896151529343,
  "n_samples": 4296,
  "n_pos": 826,
  "n_neg": 3470,
  "quantized_token_diff_best": {
    "best_j": {
      "J": 0.029740215335877118,
      "thr": 2.271484375,
      "tp": 618,
      "tn": 977,
      "fp": 2493,
      "fn": 208,
      "tpr": 0.7481840193704591,
      "fpr": 0.718443804034582,
      "precision": 0.19864995178399222,
      "recall": 0.7481840193704591,
      "f1": 0.313944627888924,
      "acc": 0.37127560521415265
    },
    "best_f1": {
      "F1": 0.32497451579992365,
      "thr": 1.9326171875,
      "tp": 797,
      "tn": 188,
      "fp": 3282,
      "fn": 29,
      "tpr": 0.9648910411622265,
      "fpr": 0.9458213256484147,
      "precision": 0.19539102721255205,
      "recall": 0.9648910411622265,
      "f1": 0.32497451579992365,
      "acc": 0.22928305400372434
    }
  },
  "quantized_stats": {
    "min": 1.4990234375,
    "max": 3.755859375,
    "mean": 2.4890586810405027,
    "q25": 2.251953125,
    "q50": 2.474609375,
    "q75": 2.712890625,
    "q90": 2.947265625
  },
  "smoothing": {
    "enabled": false,
    "method": "ema",
    "alpha": 0.4,
    "window": 3,
    "applied_to": "quantized_series_only"
  }
}