{
  "label_spec": "auto",
  "label_threshold_on_velocity_token_diff": 0.022753023511086212,
  "n_samples": 2000,
  "n_pos": 553,
  "n_neg": 1447,
  "quantized_token_diff_best": {
    "best_j": {
      "J": 0.7185559447681849,
      "thr": 9.804625511169434,
      "tp": 538,
      "tn": 1079,
      "fp": 368,
      "fn": 15,
      "tpr": 0.9728752260397812,
      "fpr": 0.25431928127159625,
      "precision": 0.5938189845474607,
      "recall": 0.9728752260397812,
      "f1": 0.7374914324875337,
      "acc": 0.8084999999999997
    },
    "best_f1": {
      "F1": 0.738461538461063,
      "thr": 9.906707763671875,
      "tp": 528,
      "tn": 1098,
      "fp": 349,
      "fn": 25,
      "tpr": 0.9547920433996365,
      "fpr": 0.24118866620594318,
      "precision": 0.602052451539338,
      "recall": 0.9547920433996365,
      "f1": 0.738461538461063,
      "acc": 0.8129999999999996
    }
  },
  "quantized_stats": {
    "min": 8.826765060424805,
    "max": 14.173843383789062,
    "mean": 10.05009189081192,
    "q25": 8.9453125,
    "q50": 9.427994728088379,
    "q75": 11.04766297340393,
    "q90": 11.912231063842775
  },
  "smoothing": {
    "enabled": true,
    "method": "ema",
    "alpha": 0.7,
    "window": 3,
    "applied_to": "quantized_series_only"
  }
}