{
  "label_spec": "auto",
  "label_threshold_on_velocity_token_diff": 0.022753023511086212,
  "n_samples": 2000,
  "n_pos": 553,
  "n_neg": 1447,
  "quantized_token_diff_best": {
    "best_j": {
      "J": 0.68638612531258,
      "thr": 9.328125,
      "tp": 529,
      "tn": 1056,
      "fp": 391,
      "fn": 24,
      "tpr": 0.956600361663651,
      "fpr": 0.270214236351071,
      "precision": 0.5749999999999994,
      "recall": 0.956600361663651,
      "f1": 0.7182620502371403,
      "acc": 0.7924999999999996
    },
    "best_f1": {
      "F1": 0.7292307692302792,
      "thr": 10.0390625,
      "tp": 474,
      "tn": 1174,
      "fp": 273,
      "fn": 79,
      "tpr": 0.8571428571428555,
      "fpr": 0.18866620594333092,
      "precision": 0.6345381526104409,
      "recall": 0.8571428571428555,
      "f1": 0.7292307692302792,
      "acc": 0.8239999999999996
    }
  },
  "quantized_stats": {
    "min": 8.5859375,
    "max": 14.890625,
    "mean": 9.9907421875,
    "q25": 8.9453125,
    "q50": 9.140625,
    "q75": 10.923828125,
    "q90": 12.046875
  },
  "smoothing": {
    "enabled": false,
    "method": "ema",
    "alpha": 0.4,
    "window": 3,
    "applied_to": "quantized_series_only"
  }
}