{
  "label_spec": "auto",
  "label_threshold_on_velocity_token_diff": 0.00022072645421644665,
  "n_samples": 5000,
  "n_pos": 652,
  "n_neg": 4348,
  "quantized_token_diff_best": {
    "best_j": {
      "J": 0.22443715748302528,
      "thr": 2.228515625,
      "tp": 254,
      "tn": 3630,
      "fp": 718,
      "fn": 398,
      "tpr": 0.3895705521472387,
      "fpr": 0.1651333946642134,
      "precision": 0.26131687242798324,
      "recall": 0.3895705521472387,
      "f1": 0.3128078817729181,
      "acc": 0.7767999999999998
    },
    "best_f1": {
      "F1": 0.3128078817729181,
      "thr": 2.228515625,
      "tp": 254,
      "tn": 3630,
      "fp": 718,
      "fn": 398,
      "tpr": 0.3895705521472387,
      "fpr": 0.1651333946642134,
      "precision": 0.26131687242798324,
      "recall": 0.3895705521472387,
      "f1": 0.3128078817729181,
      "acc": 0.7767999999999998
    }
  },
  "quantized_stats": {
    "min": 1.13671875,
    "max": 2.95703125,
    "mean": 2.04824921875,
    "q25": 1.892578125,
    "q50": 2.05859375,
    "q75": 2.205078125,
    "q90": 2.3498046875000007
  },
  "smoothing": {
    "enabled": false,
    "method": "ema",
    "alpha": 0.4,
    "window": 3,
    "applied_to": "quantized_series_only"
  }
}