{
  "quantized/token_diff_l2_mean": {
    "auc": 0.5007244733481728,
    "cohens_d": 0.012084080532640762,
    "ks": 0.029740215335877916,
    "qgap_med": -0.0107421875,
    "qgap_90_10": 0.8957031249999998,
    "pearson_r": 0.007623074089152926,
    "spearman_r": 0.009195570129939563,
    "n_pos": 826,
    "n_neg": 3470,
    "n_used": 4296
  },
  "velocity/token_diff_l2_mean": {
    "auc": 1.0,
    "cohens_d": 3.6034886956741174,
    "ks": 1.0,
    "qgap_med": 0.001715037738904357,
    "qgap_90_10": 0.0035291869891807435,
    "pearson_r": 0.9999999999999997,
    "spearman_r": 0.9999999999999998,
    "n_pos": 826,
    "n_neg": 3470,
    "n_used": 4296
  }
}