{
  "prequant/l2_mean": {
    "auc": 0.5976929258139618,
    "cohens_d": 0.4881494615003971,
    "ks": 0.42938748373825747,
    "qgap_med": 0.1640625,
    "qgap_90_10": 1.390625,
    "pearson_r": 0.29164862632751465,
    "spearman_r": 0.18073318929738325,
    "n_pos": 553,
    "n_neg": 1447,
    "n_used": 2000
  },
  "prequant/token_diff_l2_mean": {
    "auc": 0.7360811356288687,
    "cohens_d": 0.9533990079451033,
    "ks": 0.5863999970007161,
    "qgap_med": 0.5546875,
    "qgap_90_10": 1.9499999999999993,
    "pearson_r": 0.46508240699768066,
    "spearman_r": 0.371243223375615,
    "n_pos": 553,
    "n_neg": 1447,
    "n_used": 2000
  },
  "quantized/l2_mean": {
    "auc": 0.7155754063717288,
    "cohens_d": 0.7549019070022921,
    "ks": 0.5769322574235402,
    "qgap_med": 0.2578125,
    "qgap_90_10": 0.7296875000000007,
    "pearson_r": 0.30697959661483765,
    "spearman_r": 0.34172437861456817,
    "n_pos": 553,
    "n_neg": 1447,
    "n_used": 2000
  },
  "quantized/token_diff_l2_mean": {
    "auc": 0.9466421141952358,
    "cohens_d": 2.6097586575965512,
    "ks": 0.7735203220231169,
    "qgap_med": 2.7421875,
    "qgap_90_10": 4.359375,
    "pearson_r": 0.8047285079956055,
    "spearman_r": 0.8384488841097543,
    "n_pos": 553,
    "n_neg": 1447,
    "n_used": 2000
  },
  "velocity/l2_mean": {
    "auc": 0.9222673086800527,
    "cohens_d": 1.7398657097590104,
    "ks": 0.7526265604087025,
    "qgap_med": 0.028332574060186744,
    "qgap_90_10": 0.05064675714820624,
    "pearson_r": 0.691319465637207,
    "spearman_r": 0.8390385116389069,
    "n_pos": 553,
    "n_neg": 1447,
    "n_used": 2000
  },
  "velocity/token_diff_l2_mean": {
    "auc": 1.0,
    "cohens_d": 3.355746393834635,
    "ks": 1.0,
    "qgap_med": 0.032397960778325796,
    "qgap_90_10": 0.05557185052894056,
    "pearson_r": 1.0,
    "spearman_r": 1.0,
    "n_pos": 553,
    "n_neg": 1447,
    "n_used": 2000
  }
}