source,mode,auc,cohens_d,ks,qgap_med,qgap_90_10,pearson_r,spearman_r,n_pos,n_neg,n_used
prequant,l2_mean,0.5976929258139618,0.4881494615003971,0.42938748373825747,0.1640625,1.390625,0.29164862632751465,0.18073318929738325,553,1447,2000
prequant,token_diff_l2_mean,0.7360811356288687,0.9533990079451033,0.5863999970007161,0.5546875,1.9499999999999993,0.46508240699768066,0.371243223375615,553,1447,2000
quantized,l2_mean,0.7155754063717288,0.7549019070022921,0.5769322574235402,0.2578125,0.7296875000000007,0.30697959661483765,0.34172437861456817,553,1447,2000
quantized,token_diff_l2_mean,0.9466421141952358,2.6097586575965512,0.7735203220231169,2.7421875,4.359375,0.8047285079956055,0.8384488841097543,553,1447,2000
velocity,l2_mean,0.9222673086800527,1.7398657097590104,0.7526265604087025,0.028332574060186744,0.05064675714820624,0.691319465637207,0.8390385116389069,553,1447,2000
velocity,token_diff_l2_mean,1.0,3.355746393834635,1.0,0.032397960778325796,0.05557185052894056,1.0,1.0,553,1447,2000
