{
  "prequant/l2_mean": {
    "auc": 0.6387142181352471,
    "cohens_d": 0.6620351832720331,
    "ks": 0.48135157344696866,
    "qgap_med": 0.2265625,
    "qgap_90_10": 1.40625,
    "pearson_r": 0.30036240816116333,
    "spearman_r": 0.19327071809822904,
    "n_pos": 531,
    "n_neg": 1469,
    "n_used": 2000
  },
  "prequant/token_diff_l2_mean": {
    "auc": 0.7336928025393602,
    "cohens_d": 0.9923040500548156,
    "ks": 0.5796184549746871,
    "qgap_med": 0.5234375,
    "qgap_90_10": 2.0953125000000004,
    "pearson_r": 0.45159152150154114,
    "spearman_r": 0.3711116844549222,
    "n_pos": 531,
    "n_neg": 1469,
    "n_used": 2000
  },
  "quantized/l2_mean": {
    "auc": 0.7046186152230851,
    "cohens_d": 0.6993869043574111,
    "ks": 0.563961545512468,
    "qgap_med": 0.21875,
    "qgap_90_10": 0.7437500000000004,
    "pearson_r": 0.28505825996398926,
    "spearman_r": 0.3335730723090905,
    "n_pos": 531,
    "n_neg": 1469,
    "n_used": 2000
  },
  "quantized/token_diff_l2_mean": {
    "auc": 0.9081007488087134,
    "cohens_d": 1.950569778581046,
    "ks": 0.7215382820602559,
    "qgap_med": 2.515625,
    "qgap_90_10": 4.2265625,
    "pearson_r": 0.6969303488731384,
    "spearman_r": 0.804217549003763,
    "n_pos": 531,
    "n_neg": 1469,
    "n_used": 2000
  },
  "velocity/l2_mean": {
    "auc": 1.0,
    "cohens_d": 3.3128324865335848,
    "ks": 1.0,
    "qgap_med": 0.033027482917532325,
    "qgap_90_10": 0.05867984681390226,
    "pearson_r": 0.9999998807907104,
    "spearman_r": 1.0,
    "n_pos": 531,
    "n_neg": 1469,
    "n_used": 2000
  },
  "velocity/token_diff_l2_mean": {
    "auc": 0.9249127287225383,
    "cohens_d": 1.8679849637609363,
    "ks": 0.7587056544608667,
    "qgap_med": 0.02867704792879522,
    "qgap_90_10": 0.05235811294987798,
    "pearson_r": 0.691319465637207,
    "spearman_r": 0.8390385116389069,
    "n_pos": 531,
    "n_neg": 1469,
    "n_used": 2000
  }
}